{"Q3": {"page": 1, "sq": [0.52318, 0.07686], "ci": [0.53287, 0.07686]}, "V3": {"page": 1, "sq": [0.66008, 0.07686], "ci": [0.66978, 0.07686]}, "AA3": {"page": 1, "sq": [0.79695, 0.07686], "ci": [0.80665, 0.07686]}, "Q5": {"page": 1, "sq": [0.52318, 0.09622], "ci": [0.53287, 0.09622]}, "V5": {"page": 1, "sq": [0.66008, 0.09622], "ci": [0.66978, 0.09622]}, "Q9": {"page": 1, "sq": [0.52318, 0.13493], "ci": [0.53287, 0.13493]}, "V9": {"page": 1, "sq": [0.66008, 0.13493], "ci": [0.66978, 0.13493]}, "AA9": {"page": 1, "sq": [0.79695, 0.13493], "ci": [0.80665, 0.13493]}, "A13": {"page": 1, "sq": [0.163, 0.17428], "ci": [0.1898, 0.17428]}, "A17": {"page": 1, "sq": [0.08514, 0.21238], "ci": [0.09484, 0.21238]}, "F17": {"page": 1, "sq": [0.22204, 0.21238], "ci": [0.23174, 0.21238]}, "K17": {"page": 1, "sq": [0.35891, 0.21238], "ci": [0.36861, 0.21238]}, "A19": {"page": 1, "sq": [0.08514, 0.23174], "ci": [0.09484, 0.23174]}, "F19": {"page": 1, "sq": [0.22204, 0.23174], "ci": [0.23174, 0.23174]}, "K19": {"page": 1, "sq": [0.35891, 0.23174], "ci": [0.36861, 0.23174]}, "A21": {"page": 1, "sq": [0.08514, 0.25109], "ci": [0.09484, 0.25109]}, "F21": {"page": 1, "sq": [0.22204, 0.25109], "ci": [0.23174, 0.25109]}, "K21": {"page": 1, "sq": [0.35891, 0.25109], "ci": [0.36861, 0.25109]}, "Q31": {"page": 1, "sq": [0.52318, 0.34791], "ci": [0.53287, 0.34791]}, "U31": {"page": 1, "sq": [0.63271, 0.34791], "ci": [0.64241, 0.34791]}, "A47": {"page": 1, "sq": [0.08514, 0.50275], "ci": [0.09484, 0.50275]}, "D47": {"page": 1, "sq": [0.16726, 0.50275], "ci": [0.17696, 0.50275]}, "G47": {"page": 1, "sq": [0.24942, 0.50275], "ci": [0.25911, 0.50275]}, "J47": {"page": 1, "sq": [0.33154, 0.50275], "ci": [0.34123, 0.50275]}, "M47": {"page": 1, "sq": [0.41368, 0.50275], "ci": [0.42338, 0.50275]}, "A49": {"page": 1, "sq": [0.08514, 0.52214], "ci": [0.09484, 0.52214]}, "D49": {"page": 1, "sq": [0.16726, 0.52214], "ci": [0.17696, 0.52214]}, "G49": {"page": 1, "sq": [0.24942, 0.52214], "ci": [0.25911, 0.52214]}, "J49": {"page": 1, "sq": [0.33154, 0.52214], "ci": [0.34123, 0.52214]}, "M49": {"page": 1, "sq": [0.41368, 0.52214], "ci": [0.42338, 0.52214]}, "A51": {"page": 1, "sq": [0.08514, 0.5415], "ci": [0.09484, 0.5415]}, "D51": {"page": 1, "sq": [0.16726, 0.5415], "ci": [0.17696, 0.5415]}, "A57": {"page": 1, "sq": [0.08514, 0.59956], "ci": [0.09484, 0.59956]}, "F57": {"page": 1, "sq": [0.22204, 0.59956], "ci": [0.23174, 0.59956]}, "K57": {"page": 1, "sq": [0.35891, 0.59956], "ci": [0.36861, 0.59956]}, "A59": {"page": 1, "sq": [0.08514, 0.61892], "ci": [0.09484, 0.61892]}, "F59": {"page": 1, "sq": [0.22204, 0.61892], "ci": [0.23174, 0.61892]}, "K59": {"page": 1, "sq": [0.35891, 0.61892], "ci": [0.36861, 0.61892]}, "A61": {"page": 1, "sq": [0.08514, 0.63827], "ci": [0.09484, 0.63827]}, "F61": {"page": 1, "sq": [0.22204, 0.63827], "ci": [0.23174, 0.63827]}, "K61": {"page": 1, "sq": [0.35891, 0.63827], "ci": [0.36861, 0.63827]}, "A65": {"page": 1, "sq": [0.08514, 0.67698], "ci": [0.09484, 0.67698]}, "F65": {"page": 1, "sq": [0.22204, 0.67698], "ci": [0.23174, 0.67698]}, "K65": {"page": 1, "sq": [0.35891, 0.67698], "ci": [0.36861, 0.67698]}, "A67": {"page": 1, "sq": [0.08514, 0.69639], "ci": [0.09484, 0.69639]}, "F67": {"page": 1, "sq": [0.22204, 0.69639], "ci": [0.23174, 0.69639]}, "K67": {"page": 1, "sq": [0.35891, 0.69639], "ci": [0.36861, 0.69639]}, "A69": {"page": 1, "sq": [0.08514, 0.71574], "ci": [0.09484, 0.71574]}, "F69": {"page": 1, "sq": [0.22204, 0.71574], "ci": [0.23174, 0.71574]}, "K69": {"page": 1, "sq": [0.35891, 0.71574], "ci": [0.36861, 0.71574]}, "A73": {"page": 1, "sq": [0.08514, 0.75445], "ci": [0.09484, 0.75445]}, "F73": {"page": 1, "sq": [0.22204, 0.75445], "ci": [0.23174, 0.75445]}, "K73": {"page": 1, "sq": [0.35891, 0.75445], "ci": [0.36861, 0.75445]}, "A75": {"page": 1, "sq": [0.08514, 0.77381], "ci": [0.09484, 0.77381]}, "F75": {"page": 1, "sq": [0.22204, 0.77381], "ci": [0.23174, 0.77381]}, "K75": {"page": 1, "sq": [0.35891, 0.77381], "ci": [0.36861, 0.77381]}, "A79": {"page": 1, "sq": [0.08514, 0.81251], "ci": [0.09484, 0.81251]}, "F79": {"page": 1, "sq": [0.22204, 0.81251], "ci": [0.23174, 0.81251]}, "K79": {"page": 1, "sq": [0.35891, 0.81251], "ci": [0.36861, 0.81251]}, "A83": {"page": 1, "sq": [0.08514, 0.85122], "ci": [0.09484, 0.85122]}, "F83": {"page": 1, "sq": [0.22204, 0.85122], "ci": [0.23174, 0.85122]}, "K83": {"page": 1, "sq": [0.35891, 0.85122], "ci": [0.36861, 0.85122]}, "A85": {"page": 1, "sq": [0.08514, 0.87057], "ci": [0.09484, 0.87057]}, "F85": {"page": 1, "sq": [0.22204, 0.87057], "ci": [0.23174, 0.87057]}, "A89": {"page": 1, "sq": [0.08514, 0.90932], "ci": [0.09484, 0.90932]}, "F89": {"page": 1, "sq": [0.22204, 0.90932], "ci": [0.23174, 0.90932]}, "K89": {"page": 1, "sq": [0.35891, 0.90932], "ci": [0.36861, 0.90932]}, "A91": {"page": 1, "sq": [0.08514, 0.92868], "ci": [0.09484, 0.92868]}, "F91": {"page": 1, "sq": [0.22204, 0.92868], "ci": [0.23174, 0.92868]}, "K91": {"page": 1, "sq": [0.35891, 0.92868], "ci": [0.36861, 0.92868]}, "Q161": {"page": 2, "sq": [0.59767, 0.71632]}, "Y161": {"page": 2, "sq": [0.8066, 0.71632]}}